{"stats":{"minecraft:used":{"minecraft:pink_petals":1,"minecraft:zombie_spawn_egg":4,"minecraft:skeleton_spawn_egg":2},"minecraft:custom":{"minecraft:jump":369,"minecraft:time_since_rest":15522,"minecraft:crouch_one_cm":177,"minecraft:sprint_one_cm":65483,"minecraft:leave_game":2,"minecraft:play_time":15522,"minecraft:walk_on_water_one_cm":1300,"minecraft:time_since_death":15522,"minecraft:walk_one_cm":14721,"minecraft:sneak_time":154,"minecraft:total_world_time":15522,"minecraft:walk_under_water_one_cm":570,"minecraft:swim_one_cm":3283,"minecraft:fly_one_cm":164346}},"DataVersion":3465}