{"stats":{"minecraft:custom":{"minecraft:jump":591,"minecraft:time_since_rest":21522,"minecraft:crouch_one_cm":177,"minecraft:leave_game":2,"minecraft:sprint_one_cm":84427,"minecraft:play_time":21522,"minecraft:time_since_death":21522,"minecraft:walk_on_water_one_cm":1300,"minecraft:walk_one_cm":17616,"minecraft:sneak_time":154,"minecraft:total_world_time":21522,"minecraft:walk_under_water_one_cm":570,"minecraft:swim_one_cm":3283,"minecraft:fly_one_cm":285948},"minecraft:used":{"minecraft:pink_petals":1,"minecraft:zombie_spawn_egg":4,"minecraft:skeleton_spawn_egg":2}},"DataVersion":3465}